Orbit,First no panel,Last no panel,Last Frame,# No panel,% No panel,Glare,Glare Start 1,Glare End 1,Glare Start 2,Glare End 2,Notes,Version #: v01
140,210,1575,1818,1365,0.750825083,0,,,,,,
141,200,1565,1808,1365,0.754977876,0,,,,,,
142,193,1558,1802,1365,0.757491676,0,,,,,,
143,200,1565,1818,1365,0.750825083,0,,,,,,
144,195,1555,1795,1360,0.757660167,0,,,,,,
145,190,1550,1790,1360,0.759776536,0,,,,,,
146,190,1540,1797,1350,0.751252087,0,,,,,,
147,200,2021,2056,1821,0.885700389,1,1818,2056,,,No solar panel at dusk,
148,2,1554,1797,1552,0.863661658,0,,,,,,
149,185,1530,1784,1345,0.753923767,0,,,,,,
150,200,1550,1792,1350,0.753348214,0,,,,,,
151,185,1540,1759,1355,0.770324048,0,,,,,,
152,190,1540,1790,1350,0.754189944,0,,,,,,
153,185,1535,1781,1350,0.758001123,0,,,,,,
154,185,1530,1765,1345,0.76203966,0,,,,,,
155,190,1540,1770,1350,0.762711864,0,,,,,,
156,175,1530,1763,1355,0.76857629,0,,,,,,
157,195,1545,1776,1350,0.760135135,0,,,,,,
158,195,1540,1774,1345,0.758173619,0,,,,,,
159,190,1525,1751,1335,0.762421473,0,,,,,,
160,185,1525,1753,1340,0.764403879,0,,,,,,
161,170,1515,1747,1345,0.769891242,0,,,,,,
162,195,1530,1747,1335,0.764167144,0,,,,,,
163,200,1535,1753,1335,0.761551626,0,,,,,,
164,185,1525,1730,1340,0.774566474,0,,,,,,
165,200,1535,1740,1335,0.767241379,0,,,,,,
166,195,1530,1734,1335,0.769896194,0,,,,,,
167,190,1525,1743,1335,0.765920826,0,,,,,,
168,180,1510,1717,1330,0.774606872,0,,,,,,
169,195,1530,1738,1335,0.768124281,0,,,,,,
170,190,1525,1729,1335,0.772122614,0,,,,,,
171,180,1510,1706,1330,0.779601407,0,,,,,,
172,190,1520,1709,1330,0.778232885,0,,,,,,
173,190,1515,1719,1325,0.770796975,0,,,,,,
174,175,1500,1689,1325,0.784487863,0,,,,,,
175,170,1500,1680,1330,0.791666667,0,,,,,,
176,160,1010,1673,850,0.508069337,0,,,,,,
177,,,,0,#DIV/0!,0,,,,,Panels all orbit,
178,,,,0,#DIV/0!,,,,,,Missing orbit,
179,,,1676,0,0,0,,,,,Panels all orbit,
180,190,1515,1655,1325,0.80060423,0,,,,,,
181,185,1510,1666,1325,0.795318127,0,,,,,,
182,180,1505,1663,1325,0.796752856,0,,,,,,
183,200,1520,1674,1320,0.788530466,0,,,,,,
184,200,1515,1667,1315,0.788842232,0,,,,,,
185,170,1490,1637,1320,0.806353085,0,,,,,,
186,175,1495,1624,1320,0.812807882,0,,,,,,
187,155,1480,1617,1325,0.819418677,0,,,,,,
188,170,1490,1626,1320,0.811808118,0,,,,,,
189,165,1485,1605,1320,0.822429907,0,,,,,,
190,170,1480,1615,1310,0.811145511,0,,,,,,
191,165,1480,1598,1315,0.82290363,0,,,,,,
192,160,1485,1615,1325,0.820433437,0,,,,,,
193,165,1480,1598,1315,0.82290363,0,,,,,,
194,155,1475,1576,1320,0.837563452,0,,,,,,
195,160,1480,1582,1320,0.834386852,0,,,,,,
196,145,1460,1578,1315,0.833333333,0,,,,,,
197,145,1455,1573,1310,0.83280356,0,,,,,,
198,160,1475,1586,1315,0.829129887,0,,,,,,
199,135,1450,1546,1315,0.850582147,0,,,,,,
200,160,1475,1568,1315,0.838647959,0,,,,,,
201,150,1465,1547,1315,0.850032321,0,,,,,,
202,125,1445,1538,1320,0.858257477,0,,,,,,
203,140,1450,1535,1310,0.853420195,0,,,,,,
204,120,1430,1513,1310,0.865829478,0,,,,,,
205,120,1435,1497,1315,0.878423514,0,,,,,,
206,115,1425,1504,1310,0.871010638,0,,,,,,
207,95,1405,1477,1310,0.886932972,0,,,,,,
208,125,1430,1483,1305,0.879973028,0,,,,,,
209,125,1435,1487,1310,0.880968393,0,,,,,,
210,100,1410,1466,1310,0.893587995,0,,,,,,
211,100,1405,1444,1305,0.903739612,0,,,,,,
212,100,1400,1446,1300,0.899031812,0,,,,,,
213,110,1340,1433,1230,0.858339149,0,,,,,,
214,135,1370,1456,1235,0.848214286,0,,,,,,
215,85,1390,1422,1305,0.917721519,1,1420,1422,,,,
216,90,1395,1422,1305,0.917721519,1,1417,1422,,,,
217,105,1405,1432,1300,0.907821229,1,1425,1432,,,,
218,75,1380,1405,1305,0.928825623,1,1398,1405,,,,
219,75,1375,1402,1300,0.92724679,1,1377,1402,,,,
220,60,1355,1387,1295,0.933669791,1,1351,1387,,,,
221,65,1365,1384,1300,0.939306358,1,1372,1384,,,,
222,60,1340,1375,1280,0.930909091,1,0,16,1337,1375,Some glare from panels also excluded,
223,65,1345,1374,1280,0.931586608,1,0,5,1329,1374,Some glare from panels also excluded,
224,65,1345,1370,1280,0.934306569,1,0,8,1343,1370,Some glare from panels also excluded,
225,65,1350,1374,1285,0.935225619,1,2,25,1334,1374,Some glare from panels also excluded,
226,60,1350,1355,1290,0.95202952,1,0,16,1319,1355,Some glare from panels also excluded,
227,50,1215,1301,1165,0.895465027,1,0,12,,,,
228,,,1234,0,0,0,,,,,Solar panel in entire orbit,
229,205,1280,1311,1075,0.819984744,1,1250,1311,,,Some glare from panels also excluded,
230,60,1310,1342,1250,0.931445604,1,1284,1342,,,Some glare from panels also excluded,
231,50,1295,1330,1245,0.936090226,1,0,11,1261,1330,Some glare from panels also excluded,
232,45,1290,1325,1245,0.939622642,1,0,29,1258,1325,Some glare from panels also excluded,
233,45,1285,1327,1240,0.934438583,1,0,33,1250,1327,Some glare from panels also excluded,
234,45,1275,1324,1230,0.929003021,1,0,15,1250,1324,Some glare from panels also excluded,
235,40,1275,1322,1235,0.93419062,1,0,15,1238,1322,Some glare from panels also excluded,
236,40,1260,1319,1220,0.924943139,1,0,22,1226,1319,Some glare from panels also excluded,
237,40,1250,1315,1210,0.920152091,1,0,35,1199,1315,Some glare from panels also excluded,
238,40,1240,1311,1200,0.915331808,1,0,48,1198,1311,Some glare from panels also excluded,
239,30,1220,1308,1190,0.909785933,1,0,32,1194,1308,Some glare from panels also excluded,
240,35,1210,1302,1175,0.902457757,1,0,35,1172,1302,Some glare from panels also excluded,
241,35,1190,1300,1155,0.888461538,1,0,37,1168,1300,Some glare from panels also excluded,
242,45,1190,1298,1145,0.882126348,1,0,76,1151,1298,Some glare from panels also excluded,
243,40,1170,1294,1130,0.873261206,1,0,58,1141,1294,Some glare from panels also excluded,
244,15,1140,1271,1125,0.885129819,1,0,57,1111,1271,Some glare from panels also excluded,
245,15,1140,1285,1125,0.875486381,1,0,107,1110,1285,Some glare from panels also excluded,
246,45,1145,1294,1100,0.85007728,1,0,121,1115,1294,Some glare from panels also excluded,
247,50,1135,1295,1085,0.837837838,1,0,81,1101,1295,Some glare from panels also excluded,
248,60,1115,1292,1055,0.816563467,1,0,137,1082,1292,Some glare from panels also excluded,
249,65,1095,1292,1030,0.797213622,1,0,165,1067,1292,Some glare from panels also excluded,
250,75,1100,1293,1025,0.792730085,1,0,174,1070,1293,Some glare from panels also excluded,
251,85,1085,1291,1000,0.774593338,1,0,155,1049,1291,Some glare from panels also excluded,
252,95,1070,1294,975,0.753477589,1,0,140,1029,1294,Some glare from panels also excluded,
253,110,1060,1293,950,0.734725445,1,0,150,1035,1293,Some glare from panels also excluded,
254,120,1045,1293,925,0.715390565,1,0,173,1023,1293,Some glare from panels also excluded,
255,130,1030,1294,900,0.695517774,1,0,188,1011,1294,Some glare from panels also excluded,
256,150,1020,1292,870,0.673374613,1,0,246,1002,1292,Some glare from panels also excluded,
257,160,1015,1292,855,0.661764706,1,0,250,993,1292,Some glare from panels also excluded,
258,170,1030,1290,860,0.666666667,1,0,232,980,1290,Some glare from panels also excluded,
259,190,1045,1292,855,0.661764706,1,0,237,953,1292,Some glare from panels also excluded,
260,205,1045,1292,840,0.650154799,1,0,280,939,1292,Some glare from panels also excluded,
261,220,1070,1293,850,0.657385924,1,0,265,918,1293,Some glare from panels also excluded,
262,225,930,1293,705,0.545243619,1,0,275,905,1293,Some glare from panels also excluded,
263,245,905,1290,660,0.511627907,1,0,296,881,1290,Some glare from panels also excluded,
264,260,920,1209,660,0.545905707,1,0,297,916,1209,Some glare from panels also excluded,
265,430,1040,1265,610,0.482213439,1,0,457,977,1265,Some glare from panels also excluded,
266,485,990,1253,505,0.403032721,1,0,518,934,1253,Some glare from panels also excluded,
267,490,980,1266,490,0.387045814,1,0,526,944,1266,Some glare from panels also excluded,
268,515,950,1263,435,0.344418052,1,0,583,933,1263,Some glare from panels also excluded,
269,555,940,1262,385,0.305071315,1,0,616,874,1262,Some glare from panels also excluded,
270,590,940,1259,350,0.277998411,1,0,632,822,1259,Some glare from panels also excluded,
271,650,850,1261,200,0.158604282,1,0,1261,,,Glare all orbit,
272,40,135,1263,95,0.075217736,1,0,1263,,,Glare all orbit,
273,40,140,1260,100,0.079365079,1,0,1260,,,Glare all orbit,
274,35,145,1261,110,0.087232355,1,0,1261,,,Glare all orbit,
275,35,140,1262,105,0.083201268,1,0,1262,,,Glare all orbit,
276,40,140,1262,100,0.079239303,1,0,1262,,,Glare all orbit,
277,40,145,1262,105,0.083201268,1,0,1262,,,Glare all orbit,
278,35,155,1262,120,0.095087163,1,0,1262,,,Glare all orbit,
279,35,160,1261,125,0.099127676,1,0,1261,,,Glare all orbit,
280,35,170,1261,135,0.107057891,1,0,1261,,,Glare all orbit,
281,35,170,1262,135,0.106973059,1,0,1262,,,Glare all orbit,
282,70,175,1257,105,0.08353222,1,0,1257,,,Glare all orbit,
283,35,190,1259,155,0.123113582,1,0,1259,,,Glare all orbit,
284,35,200,1259,165,0.131056394,1,0,1259,,,Glare all orbit,
285,35,100,1259,65,0.051628276,1,0,1259,,,Glare all orbit,
286,35,110,1259,75,0.059571088,1,0,1259,,,Glare all orbit,
287,,,,0,#DIV/0!,1,0,1258,,,Glare all orbit,
288,,,,0,#DIV/0!,1,0,1257,,,Glare all orbit,
289,,,,0,#DIV/0!,1,0,1257,,,Glare all orbit,
290,,,,0,#DIV/0!,1,0,1257,,,Glare all orbit,
291,,,,0,#DIV/0!,1,0,1257,,,Glare all orbit,
292,,,,0,#DIV/0!,1,0,1252,,,Glare all orbit,
293,,,,0,#DIV/0!,1,0,1255,,,Glare all orbit,
294,,,,0,#DIV/0!,1,0,1256,,,Glare all orbit,
295,,,,0,#DIV/0!,1,0,1246,,,Glare all orbit,
296,,,,0,#DIV/0!,1,0,1245,,,Glare all orbit,
297,,,,0,#DIV/0!,1,0,1253,,,Glare all orbit,
298,,,,0,#DIV/0!,1,0,1253,,,Glare all orbit,
299,,,,0,#DIV/0!,1,0,1246,,,Glare all orbit,
300,,,,0,#DIV/0!,1,0,1254,,,Glare all orbit,
301,,,,0,#DIV/0!,1,0,1236,,,Glare all orbit,
302,,,,0,#DIV/0!,1,0,1248,,,Glare all orbit,
303,,,,0,#DIV/0!,1,0,1244,,,Glare all orbit,
304,,,,0,#DIV/0!,1,0,1250,,,Glare all orbit,
305,,,,0,#DIV/0!,1,0,1253,,,Glare all orbit,
306,,,,0,#DIV/0!,1,0,1242,,,Glare all orbit,
307,,,,0,#DIV/0!,1,0,1242,,,Glare all orbit,
308,,,,0,#DIV/0!,1,0,1254,,,Glare all orbit,
309,,,,0,#DIV/0!,1,0,1242,,,Glare all orbit,
310,,,,0,#DIV/0!,1,0,1244,,,Glare all orbit,
311,,,,0,#DIV/0!,1,0,1245,,,Glare all orbit,
312,,,,0,#DIV/0!,1,0,1254,,,Glare all orbit,
313,,,,0,#DIV/0!,1,0,1241,,,Glare all orbit,
314,,,,0,#DIV/0!,1,0,1255,,,Glare all orbit,
315,,,,0,#DIV/0!,1,0,1250,,,Glare all orbit,
316,,,,0,#DIV/0!,1,0,1255,,,Glare all orbit,
317,,,,0,#DIV/0!,1,0,1255,,,Glare all orbit,
318,,,,0,#DIV/0!,1,0,1247,,,Glare all orbit,
319,,,,0,#DIV/0!,1,0,1255,,,Glare all orbit,
320,,,,0,#DIV/0!,1,0,1251,,,Glare all orbit,
321,,,,0,#DIV/0!,1,0,1254,,,Glare all orbit,
322,,,,0,#DIV/0!,1,0,1254,,,Glare all orbit,
323,,,,0,#DIV/0!,1,0,1256,,,Glare all orbit,
324,,,,0,#DIV/0!,1,0,1256,,,Glare all orbit,
325,,,,0,#DIV/0!,1,0,1258,,,Glare all orbit,
326,,,,0,#DIV/0!,1,0,1255,,,Glare all orbit,
327,,,,0,#DIV/0!,1,0,1256,,,Glare all orbit,
328,,,,0,#DIV/0!,1,0,1258,,,Glare all orbit,
329,,,,0,#DIV/0!,1,0,1258,,,Glare all orbit,
330,,,,0,#DIV/0!,1,0,1259,,,Glare all orbit,
331,,,,0,#DIV/0!,1,0,1258,,,Glare all orbit,
332,,,,0,#DIV/0!,1,0,1258,,,Glare all orbit,
333,,,,0,#DIV/0!,1,0,1259,,,Glare all orbit,
334,,,,0,#DIV/0!,1,0,1258,,,Glare all orbit,
335,,,,0,#DIV/0!,1,0,1259,,,Glare all orbit,
336,43,168,1259,125,0.099285147,1,0,1259,,,Glare all orbit,
337,50,150,1259,100,0.079428118,1,0,1259,,,Glare all orbit,
338,45,145,1260,100,0.079365079,1,0,1260,,,Glare all orbit,
339,60,140,1259,80,0.063542494,1,0,1259,,,Glare all orbit,
340,45,135,1258,90,0.07154213,1,0,1258,,,Glare all orbit,
341,45,135,1260,90,0.071428571,1,0,1260,,,Glare all orbit,
342,45,135,1260,90,0.071428571,1,0,1260,,,Glare all orbit,
343,45,140,1263,95,0.075217736,1,0,1263,,,Glare all orbit,
344,45,135,1261,90,0.071371927,1,0,1261,,,Glare all orbit,
345,45,130,1263,85,0.067300079,1,0,1263,,,Glare all orbit,
346,45,125,1263,80,0.063341251,1,0,1263,,,Glare all orbit,
347,625,925,1260,300,0.238095238,1,0,645,956,1260,Glare most of orbit but no panels,
348,590,930,1272,340,0.267295597,1,0,616,952,1272,Glare most of orbit but no panels,
349,330,745,1299,415,0.31947652,1,0,359,747,1299,Glare most of orbit but no panels,
350,425,860,1315,435,0.330798479,1,0,367,855,1315,Glare most of orbit but no panels,
351,330,845,1294,515,0.397990726,1,0,351,843,1294,Glare most of orbit but no panels,
352,335,865,1294,530,0.409582689,1,0,345,874,1294,Glare most of orbit but no panels,
353,335,880,1288,545,0.423136646,1,0,331,883,1288,Glare most of orbit but no panels,
354,325,910,1292,585,0.452786378,1,0,309,911,1292,Glare most of orbit but no panels,
355,300,925,1292,625,0.48374613,1,0,286,932,1292,Glare most of orbit but no panels,
356,280,940,1292,660,0.510835913,1,0,288,946,1292,Glare for part of orbit but no panels,
357,265,965,1291,700,0.542215337,1,0,285,975,1291,Glare for part of orbit but no panels,
358,235,1020,1289,785,0.608999224,1,0,264,981,1289,Glare for part of orbit but no panels,
359,225,1015,1292,790,0.611455108,1,0,262,1027,1292,Glare for part of orbit but no panels,
360,220,1010,1292,790,0.611455108,1,0,238,1036,1292,Glare for part of orbit but no panels,
361,210,1025,1291,815,0.631293571,1,0,247,1049,1291,Glare for part of orbit but no panels,
362,195,1050,1291,855,0.662277304,1,0,243,1050,1291,Glare for part of orbit but no panels,
363,170,1060,1291,890,0.689388071,1,0,198,1065,1291,Glare for part of orbit but no panels,
364,160,1060,1292,900,0.696594427,1,0,210,1083,1292,Glare for part of orbit but no panels,
365,145,1075,1292,930,0.719814241,1,0,213,1089,1292,Glare for part of orbit but no panels,
366,135,1090,1292,955,0.739164087,1,0,196,1102,1292,Glare for part of orbit but no panels,
367,130,1105,1292,975,0.754643963,1,0,181,1112,1292,Glare for part of orbit but no panels,
368,115,1105,1290,990,0.76744186,1,0,191,1123,1290,Glare for part of orbit but no panels,
369,110,1130,1293,1020,0.788863109,1,0,176,1135,1293,Glare for part of orbit but no panels,
370,105,1140,1290,1035,0.802325581,1,0,149,1143,1290,Glare for part of orbit but no panels,
371,95,1145,1293,1050,0.812064965,1,0,121,1161,1293,Glare for part of orbit but no panels,
372,85,1170,1292,1085,0.839783282,1,0,151,1154,1292,Glare for part of orbit but no panels,
373,70,1180,1292,1110,0.859133127,1,0,111,1152,1292,Glare for part of orbit but no panels,
374,65,1190,1292,1125,0.870743034,1,0,122,1163,1292,Glare for part of orbit but no panels,
375,65,1180,1294,1115,0.861669243,1,0,83,1189,1294,Glare for part of orbit but no panels,
376,55,1185,1292,1130,0.874613003,1,0,93,1187,1292,Glare for part of orbit but no panels,
377,50,1200,1295,1150,0.888030888,1,0,61,1205,1295,Glare for part of orbit but no panels,
378,50,1210,1296,1160,0.895061728,1,0,59,1205,1296,Glare for part of orbit but no panels,
379,50,1230,1294,1180,0.911901082,1,0,71,1232,1294,Glare for part of orbit but no panels,
380,50,1235,1302,1185,0.910138249,1,0,65,1234,1302,Glare for part of orbit but no panels,
381,50,1230,1304,1180,0.904907975,1,0,59,1220,1304,Glare for part of orbit but no panels,
382,45,1240,1309,1195,0.912910619,1,0,46,1236,1309,Glare for part of orbit but no panels,
383,55,1270,1314,1215,0.924657534,1,0,60,1275,1314,Glare for part of orbit but no panels,
384,45,1285,1319,1240,0.940106141,1,0,45,1277,1319,Glare for part of orbit but no panels,
385,40,1285,1325,1245,0.939622642,1,0,34,1286,1325,Some glare from panels also excluded,
386,50,1300,1332,1250,0.938438438,1,0,37,1302,1332,Some glare from panels also excluded,
387,50,1295,1338,1245,0.930493274,1,0,40,1291,1338,Some glare from panels also excluded,
388,50,1305,1343,1255,0.934475056,1,0,33,1308,1343,Some glare from panels also excluded,
389,55,1310,1350,1255,0.92962963,1,0,19,1315,1350,Some glare from panels also excluded,
390,50,1310,1355,1260,0.929889299,1,0,14,1313,1355,Some glare from panels also excluded,
391,55,1325,1364,1270,0.931085044,1,0,36,1325,1364,Some glare from panels also excluded,
392,55,1340,1367,1285,0.940014631,1,0,6,1350,1367,,
393,50,1330,1364,1280,0.938416422,1,0,12,1338,1364,,
394,60,1335,1373,1275,0.928623452,1,0,23,1361,1373,Bright object in image 157,
395,65,1345,1380,1280,0.927536232,1,0,2,1368,1380,,
396,65,1350,1383,1285,0.929139552,1,1372,1383,,,,
397,70,1355,1394,1285,0.921807747,0,,,,,,
398,60,1340,1387,1280,0.922855083,1,0,7,1376,1387,,
399,75,1360,1410,1285,0.911347518,0,,,,,,
400,80,1370,1413,1290,0.912951168,1,1397,1413,,,,
401,75,1365,1411,1290,0.914245216,0,,,,,,
402,75,1365,1413,1290,0.912951168,0,,,,,,
403,80,1370,1420,1290,0.908450704,0,,,,,,
404,90,1380,1443,1290,0.893970894,0,,,,,,
405,105,1400,1456,1295,0.889423077,0,,,,,,
406,110,1400,1469,1290,0.8781484,0,,,,,,
407,95,1385,1449,1290,0.890269151,0,,,,,,
408,95,1390,1467,1295,0.88275392,0,,,,,,
409,110,1405,1506,1295,0.859893758,0,,,,,,
410,125,1415,1519,1290,0.849242923,0,,,,,,
411,120,1410,1499,1290,0.860573716,0,,,,,,
412,110,1405,1515,1295,0.854785479,0,,,,,,
413,125,1420,1519,1295,0.852534562,0,,,,,,
414,120,1420,1522,1300,0.85413929,0,,,,,,
415,120,1415,1520,1295,0.851973684,0,,,,,,
416,125,1415,1528,1290,0.844240838,0,,,,,,
417,130,1425,1543,1295,0.839274141,0,,,,,,
418,135,1435,1571,1300,0.827498409,1,1552,1571,,,,
419,140,1435,1573,1295,0.823267641,1,1550,1573,,,,
420,150,1455,1590,1305,0.820754717,0,,,,,,
421,140,1445,1569,1305,0.831739962,0,,,,,,
422,135,1435,1574,1300,0.82592122,0,,,,,,
423,140,1440,1576,1300,0.824873096,0,,,,,,
424,145,1445,1580,1300,0.82278481,0,,,,,,
425,140,1445,1579,1305,0.826472451,0,,,,,,
426,150,1460,1602,1310,0.81772784,0,,,,,,
427,160,1470,1628,1310,0.804668305,0,,,,,,
428,165,1470,1635,1305,0.798165138,0,,,,,,
429,160,1470,1620,1310,0.808641975,0,,,,,,
430,170,1485,1637,1315,0.803298717,0,,,,,,
431,155,1460,1621,1305,0.805058606,0,,,,,,
432,175,1480,1657,1305,0.787567894,0,,,,,,
433,175,1480,1652,1305,0.789951574,0,,,,,,
434,170,1475,1652,1305,0.789951574,0,,,,,,
435,180,1485,1664,1305,0.784254808,0,,,,,,
436,180,1490,1665,1310,0.786786787,0,,,,,,
437,180,1485,1682,1305,0.775862069,0,,,,,,
438,185,1490,1671,1305,0.780969479,0,,,,,,
439,180,1485,1657,1305,0.787567894,0,,,,,,
440,185,1490,1690,1305,0.772189349,0,,,,,,
441,185,1490,1695,1305,0.769911504,0,,,,,,
442,190,1495,1694,1305,0.770365998,0,,,,,,
443,185,1495,1702,1310,0.769682726,0,,,,,,
444,190,1500,1695,1310,0.772861357,0,,,,,,
445,190,1500,1698,1310,0.771495878,0,,,,,,
446,185,1495,1696,1310,0.77240566,0,,,,,,
447,190,1500,1721,1310,0.761185357,0,,,,,,
448,200,1510,1721,1310,0.761185357,0,,,,,,
449,195,1505,1712,1310,0.765186916,0,,,,,,
450,195,1515,1732,1320,0.762124711,0,,,,,,
451,205,1520,1734,1315,0.758362168,0,,,,,,
452,195,1515,1731,1320,0.762564991,0,,,,,,
453,200,1515,1734,1315,0.758362168,0,,,,,,
454,205,1530,1740,1325,0.761494253,0,,,,,,
455,195,1520,1734,1325,0.764129181,0,,,,,,
456,210,1530,1746,1320,0.756013746,0,,,,,,
457,210,1530,1751,1320,0.75385494,0,,,,,,
458,200,1520,1755,1320,0.752136752,0,,,,,,
459,215,1545,1775,1330,0.749295775,0,,,,,,
460,200,1525,1766,1325,0.750283126,0,,,,,,
461,200,1545,1780,1345,0.755617978,0,,,,,,
462,195,1575,1768,1380,0.780542986,0,,,,,,
463,,,1777,0,0,0,,,,,Panels all orbit,
464,,,1764,0,0,0,,,,,Panels all orbit,
465,190,1540,1789,1350,0.754611515,0,,,,,,
466,190,1540,1784,1350,0.756726457,0,,,,,,
467,190,1540,1785,1350,0.756302521,0,,,,,,
468,190,1530,1786,1340,0.750279955,0,,,,,,
469,200,1540,1777,1340,0.75407991,0,,,,,,
470,190,1535,1781,1345,0.755193711,0,,,,,,
471,,,1769,0,0,0,,,,,Panels all orbit,
472,,,1787,0,0,0,,,,,Panels all orbit,
473,,,1796,0,0,0,,,,,Panels all orbit,
474,,,1780,0,0,0,,,,,Panels all orbit,
475,205,1560,1804,1355,0.751108647,0,,,,,,
476,205,1555,1816,1350,0.74339207,0,,,,,,
477,220,1570,1833,1350,0.736497545,0,,,,,,
478,200,1560,1826,1360,0.744797371,0,,,,,,
479,205,1560,1812,1355,0.747792494,0,,,,,,
480,205,1560,1812,1355,0.747792494,0,,,,,,
481,,,1824,0,0,0,,,,,Panels all orbit,
482,,,1823,0,0,0,,,,,Panels all orbit,
483,210,1570,1829,1360,0.743575724,0,,,,,,
484,200,1575,1827,1375,0.752599891,0,,,,,,
485,205,1575,1823,1370,0.751508502,0,,,,,,
486,205,1575,1813,1370,0.755653613,0,,,,,,
487,210,1580,1845,1370,0.742547425,0,,,,,,
488,215,1585,1832,1370,0.747816594,0,,,,,,
489,220,1585,1834,1365,0.744274809,0,,,,,,
490,210,1575,1837,1365,0.743059336,0,,,,,,
491,205,1570,1847,1365,0.739036275,0,,,,,,
492,205,1580,1852,1375,0.742440605,0,,,,,,
493,215,1585,1855,1370,0.738544474,0,,,,,,
494,210,1580,1847,1370,0.741743368,0,,,,,,
495,210,1575,1841,1365,0.741444867,0,,,,,,
496,215,1590,1850,1375,0.743243243,0,,,,,,
497,210,1585,1858,1375,0.740043057,0,,,,,,
498,215,1595,1873,1380,0.736785905,0,,,,,,
499,205,1580,1859,1375,0.73964497,0,,,,,,
500,210,1590,1861,1380,0.741536808,0,,,,,,
501,205,1585,1867,1380,0.739153723,1,1856,1867,,,,
502,215,1595,1882,1380,0.733262487,0,,,,,,
503,200,1580,1849,1380,0.746349378,0,,,,,,
504,215,1590,1869,1375,0.735687533,0,,,,,,
505,215,1595,1882,1380,0.733262487,0,,,,,,
506,200,1590,1873,1390,0.742124933,0,,,,,,
507,215,1590,1880,1375,0.731382979,0,,,,,,
508,215,1590,1878,1375,0.732161874,0,,,,,,
509,200,1590,1868,1390,0.744111349,0,,,,,,
510,215,1600,1879,1385,0.737094199,0,,,,,,
511,205,1590,1869,1385,0.741037988,0,,,,,,
512,205,1595,1879,1390,0.739755189,0,,,,,,
513,215,1605,1895,1390,0.733509235,0,,,,,,
514,205,1600,1880,1395,0.742021277,0,,,,,,
515,215,1610,1872,1395,0.745192308,0,,,,,,
516,200,1595,1874,1395,0.744397012,0,,,,,,
517,215,1610,1902,1395,0.733438486,0,,,,,,
518,200,1600,1879,1400,0.745077169,0,,,,,,
519,205,1605,1883,1400,0.743494424,0,,,,,,
520,205,1610,1897,1405,0.740643121,0,,,,,,
521,205,1610,1884,1405,0.745753715,0,,,,,,
522,210,1610,1899,1400,0.737230121,0,,,,,,
523,210,1615,1904,1405,0.737920168,0,,,,,,
524,195,1600,1883,1405,0.746149761,0,,,,,,
525,200,1605,1893,1405,0.742208135,0,,,,,,
526,210,1615,1898,1405,0.740252898,0,,,,,,
527,215,1625,1901,1410,0.741714887,0,,,,,,
528,200,1610,1890,1410,0.746031746,0,,,,,,
529,215,1625,1908,1410,0.738993711,0,,,,,,
530,200,1615,1884,1415,0.751061571,0,,,,,,
531,215,1625,1907,1410,0.739381227,0,,,,,,
532,205,1620,1908,1415,0.741614256,0,,,,,,
533,205,1615,1901,1410,0.741714887,0,,,,,,
534,205,1620,1896,1415,0.746308017,0,,,,,,
535,210,1620,1904,1410,0.740546218,0,,,,,,
536,200,1620,1909,1420,0.743844945,0,,,,,,
537,195,1615,1910,1420,0.743455497,0,,,,,,
538,210,1620,1916,1410,0.735908142,0,,,,,,
539,200,1615,1908,1415,0.741614256,0,,,,,,
540,215,1630,1925,1415,0.735064935,0,,,,,,
541,200,1615,1904,1415,0.743172269,0,,,,,,
542,205,1625,1907,1420,0.744625066,0,,,,,,
543,205,1630,1906,1425,0.747639035,0,,,,,,
544,205,1630,1927,1425,0.739491437,0,,,,,,
545,205,1630,1919,1425,0.742574257,0,,,,,,
546,205,1625,1901,1420,0.746975276,0,,,,,,
547,200,1625,1895,1425,0.751978892,0,,,,,,
548,190,1620,1910,1430,0.748691099,0,,,,,,
549,195,1625,1912,1430,0.74790795,0,,,,,,
550,205,1635,1931,1430,0.740548938,0,,,,,,
551,190,1620,1910,1430,0.748691099,0,,,,,,
552,185,1625,1923,1440,0.748829953,0,,,,,,
553,200,1635,1925,1435,0.745454545,0,,,,,Swirling storm clouds at image 1660,
554,175,1620,1915,1445,0.754569191,0,,,,,,
555,190,1620,1921,1430,0.744403956,0,,,,,,
556,190,1640,1930,1450,0.751295337,0,,,,,,
557,185,1635,1932,1450,0.750517598,0,,,,,,
558,190,1640,1917,1450,0.756390193,0,,,,,,
559,170,1635,1931,1465,0.758674262,0,,,,,,
560,175,1640,1934,1465,0.757497415,0,,,,,,
561,170,1630,1913,1460,0.763199164,0,,,,,,
562,150,1625,1916,1475,0.769832985,0,,,,,,
563,150,1635,1927,1485,0.770627919,0,,,,,,
564,165,1645,1925,1480,0.768831169,0,,,,,,
565,155,1630,1930,1475,0.764248705,0,,,,,,
566,135,1620,1910,1485,0.777486911,0,,,,,,
567,140,1625,1920,1485,0.7734375,0,,,,,,
568,150,1635,1938,1485,0.76625387,0,,,,,,
569,155,1640,1932,1485,0.76863354,0,,,,,,
570,160,1645,1940,1485,0.765463918,0,,,,,,
571,145,1620,1916,1475,0.769832985,0,,,,,,
572,150,1635,1934,1485,0.767838676,0,,,,,,
573,165,1640,1935,1475,0.762273902,0,,,,,,
574,155,1625,1916,1470,0.767223382,0,,,,,,
575,165,1645,1946,1480,0.76053443,0,,,,,,
576,165,1640,1925,1475,0.766233766,1,0,10,,,,
577,170,1645,1914,1475,0.770637409,0,,,,,,
578,175,1640,1934,1465,0.757497415,0,,,,,,
579,175,1655,1930,1480,0.766839378,0,,,,,,
580,170,1650,1941,1480,0.76249356,0,,,,,,
581,180,1645,1932,1465,0.758281573,0,,,,,,
582,195,1665,1935,1470,0.759689922,0,,,,,,
583,175,1655,1926,1480,0.768431983,1,0,2,,,,
584,185,1660,1936,1475,0.761880165,0,,,,,,
585,195,1660,1939,1465,0.755544095,0,,,,,,
586,190,1645,1925,1455,0.755844156,0,,,,,,
587,200,1660,1936,1460,0.754132231,0,,,,,,
588,205,1650,1943,1445,0.743695317,0,,,,,,
589,205,1655,1939,1450,0.747808149,1,0,13,,,,
590,205,1635,1937,1430,0.738255034,0,,,,,,
591,210,1655,1940,1445,0.744845361,0,,,,,,
592,215,1630,1913,1415,0.739675902,0,,,,,,
593,220,1635,1935,1415,0.73126615,0,,,,,,
594,215,1635,1936,1420,0.733471074,0,,,,,,
595,210,1625,1937,1415,0.7305111,0,,,,,,
596,225,1625,1922,1400,0.728407908,0,,,,,,
597,225,1635,1936,1410,0.728305785,0,,,,,,
598,225,1625,1927,1400,0.726517903,0,,,,,,
599,215,1620,1926,1405,0.729491173,0,,,,,,
600,240,1620,1934,1380,0.713547053,0,,,,,,
601,230,1615,1928,1385,0.718360996,0,,,,,,
602,230,1620,1931,1390,0.719834283,0,,,,,,
603,230,1620,1938,1390,0.717234262,0,,,,,,
604,235,1610,1921,1375,0.715773035,0,,,,,,
605,230,1610,1923,1380,0.717628705,0,,,,,,
606,230,1615,1918,1385,0.722106361,0,,,,,,
607,235,1615,1917,1380,0.719874804,0,,,,,,
608,235,1620,1934,1385,0.716132368,0,,,,,,
609,240,1620,1945,1380,0.709511568,0,,,,,,
610,230,1615,1933,1385,0.716502845,0,,,,,,
611,230,1610,1933,1380,0.713916192,0,,,,,,
612,235,1625,1933,1390,0.719089498,0,,,,,,
613,240,1630,1935,1390,0.718346253,0,,,,,,
614,240,1625,1935,1385,0.715762274,0,,,,,,
615,240,1620,1943,1380,0.710241894,0,,,,,,
616,230,1605,1928,1375,0.713174274,0,,,,,,
617,225,1605,1930,1380,0.715025907,0,,,,,,
618,225,1600,1928,1375,0.713174274,0,,,,,,
619,240,1595,1920,1355,0.705729167,0,,,,,,
620,230,1600,1928,1370,0.710580913,0,,,,,,
