Orbit #,glare_initial,glare_final
13808.0,205.0,717.0
13810.0,458.0,555.0
13810.0,1049.0,1182.0
13811.0,540.0,701.0
13812.0,0.0,3.0
13813.0,0.0,4.0
13814.0,0.0,6.0
13815.0,0.0,6.0
13816.0,0.0,8.0
13818.0,0.0,13.0
13819.0,0.0,3.0
13819.0,1609.0,1617.0
13820.0,0.0,16.0
13820.0,905.0,1238.0
13821.0,0.0,16.0
13822.0,0.0,8.0
13823.0,0.0,22.0
13824.0,0.0,24.0
13825.0,0.0,11.0
13826.0,0.0,29.0
13827.0,0.0,15.0
13828.0,0.0,30.0
13829.0,0.0,30.0
13830.0,0.0,38.0
13831.0,0.0,24.0
13832.0,0.0,40.0
13833.0,0.0,18.0
13834.0,0.0,43.0
13835.0,0.0,41.0
13836.0,0.0,43.0
13837.0,0.0,48.0
13838.0,0.0,23.0
13839.0,0.0,19.0
13840.0,0.0,25.0
13841.0,0.0,44.0
13842.0,0.0,47.0
13843.0,0.0,28.0
13844.0,0.0,26.0
13845.0,0.0,23.0
13846.0,0.0,29.0
13847.0,0.0,26.0
13848.0,0.0,12.0
13849.0,0.0,69.0
13850.0,0.0,19.0
13851.0,0.0,106.0
13852.0,0.0,98.0
13853.0,0.0,15.0
13854.0,0.0,12.0
13855.0,0.0,12.0
13857.0,0.0,114.0
13859.0,0.0,126.0
13860.0,0.0,129.0
13861.0,0.0,134.0
13861.0,1398.0,1402.0
13862.0,0.0,144.0
13863.0,0.0,150.0
13864.0,0.0,156.0
13864.0,1398.0,1400.0
13865.0,0.0,160.0
13865.0,1396.0,1398.0
13866.0,0.0,175.0
13866.0,1388.0,1394.0
13867.0,0.0,175.0
13867.0,1383.0,1394.0
13868.0,0.0,205.0
13868.0,1366.0,1389.0
13869.0,0.0,191.0
13869.0,1377.0,1388.0
13870.0,0.0,192.0
13870.0,1375.0,1386.0
13871.0,0.0,221.0
13871.0,1369.0,1385.0
13872.0,0.0,209.0
13872.0,1356.0,1382.0
13873.0,0.0,217.0
13873.0,1340.0,1379.0
13874.0,0.0,222.0
13874.0,1326.0,1378.0
13875.0,0.0,252.0
13875.0,1344.0,1374.0
13876.0,0.0,256.0
13876.0,1309.0,1370.0
13877.0,0.0,264.0
13877.0,1320.0,1362.0
13878.0,0.0,248.0
13878.0,1313.0,1366.0
13879.0,0.0,297.0
13879.0,1310.0,1360.0
13880.0,0.0,301.0
13880.0,1300.0,1362.0
13881.0,0.0,307.0
13881.0,1283.0,1359.0
13882.0,0.0,295.0
13882.0,1264.0,1258.0
13883.0,0.0,335.0
13883.0,1264.0,1354.0
13884.0,0.0,334.0
13884.0,1287.0,1351.0
13885.0,0.0,343.0
13885.0,1279.0,1349.0
13886.0,0.0,358.0
13886.0,1239.0,1348.0
13887.0,0.0,334.0
13887.0,1267.0,1348.0
13888.0,0.0,344.0
13888.0,1256.0,1347.0
13889.0,0.0,360.0
13889.0,1219.0,1345.0
13890.0,0.0,387.0
13890.0,1237.0,1347.0
13891.0,0.0,402.0
13891.0,1201.0,1346.0
13892.0,0.0,370.0
13892.0,1192.0,1329.0
13893.0,0.0,387.0
13893.0,1193.0,1346.0
13894.0,0.0,402.0
13894.0,1204.0,1347.0
13895.0,0.0,401.0
13895.0,1191.0,1344.0
13896.0,0.0,416.0
13896.0,1175.0,1344.0
13897.0,0.0,488.0
13897.0,1149.0,1346.0
13898.0,0.0,458.0
13898.0,1134.0,1345.0
13899.0,0.0,447.0
13899.0,1169.0,1345.0
13900.0,0.0,482.0
13900.0,1167.0,1346.0
13901.0,0.0,481.0
13901.0,1135.0,1345.0
13902.0,0.0,487.0
13902.0,1135.0,1346.0
13903.0,0.0,540.0
13903.0,1123.0,1347.0
13904.0,0.0,548.0
13904.0,1094.0,1346.0
13905.0,0.0,518.0
13905.0,1099.0,1347.0
13906.0,0.0,549.0
13906.0,1090.0,1345.0
13907.0,0.0,584.0
13907.0,1006.0,1345.0
13908.0,0.0,664.0
13908.0,1181.0,1344.0
13909.0,0.0,653.0
13909.0,1145.0,1324.0
13910.0,0.0,751.0
13910.0,1130.0,1335.0
13911.0,0.0,672.0
13911.0,1124.0,1336.0
13912.0,0.0,704.0
13912.0,1089.0,1337.0
13913.0,0.0,756.0
13913.0,1074.0,1335.0
13914.0,0.0,727.0
13914.0,1117.0,1336.0
13915.0,0.0,796.0
13915.0,1116.0,1335.0
13916.0,0.0,780.0
13916.0,1004.0,1336.0
13917.0,0.0,834.0
13917.0,959.0,1328.0
13918.0,0.0,886.0
13918.0,1027.0,1332.0
13919.0,0.0,840.0
13919.0,967.0,1335.0
13920.0,0.0,784.0
13920.0,1033.0,1339.0
13921.0,0.0,1019.0
13921.0,1080.0,1334.0
13922.0,0.0,904.0
13922.0,983.0,1325.0
13923.0,0.0,893.0
13923.0,1003.0,1335.0
13924.0,0.0,974.0
13924.0,1029.0,1320.0
13925.0,0.0,1326.0
13926.0,0.0,1333.0
13927.0,0.0,1330.0
13928.0,0.0,929.0
13928.0,1075.0,1337.0
13929.0,0.0,1324.0
13930.0,0.0,882.0
13930.0,1043.0,1329.0
13931.0,0.0,902.0
13931.0,1118.0,1335.0
13932.0,0.0,964.0
13932.0,1060.0,1331.0
13933.0,0.0,842.0
13933.0,919.0,1337.0
13934.0,0.0,866.0
13934.0,1030.0,1333.0
13935.0,0.0,923.0
13935.0,1129.0,1336.0
13936.0,0.0,1336.0
13937.0,0.0,783.0
13937.0,840.0,1336.0
13938.0,0.0,753.0
13938.0,1066.0,1333.0
13939.0,0.0,759.0
13939.0,1090.0,1337.0
13940.0,0.0,799.0
13940.0,1146.0,1338.0
13941.0,0.0,748.0
13941.0,1164.0,1338.0
13942.0,0.0,699.0
13942.0,1142.0,1339.0
13943.0,0.0,728.0
13943.0,1184.0,1338.0
13944.0,0.0,602.0
13944.0,1137.0,1399.0
13945.0,0.0,572.0
13945.0,1064.0,1337.0
13946.0,0.0,573.0
13946.0,1072.0,1344.0
13947.0,0.0,610.0
13947.0,1064.0,1346.0
13948.0,0.0,542.0
13948.0,1141.0,1347.0
13949.0,0.0,565.0
13949.0,1092.0,1347.0
13950.0,0.0,561.0
13950.0,1127.0,1346.0
13951.0,0.0,490.0
13951.0,1127.0,1326.0
13952.0,0.0,489.0
13952.0,1174.0,1335.0
13953.0,0.0,491.0
13953.0,1187.0,1347.0
13954.0,0.0,494.0
13954.0,1185.0,1346.0
13955.0,0.0,500.0
13955.0,1212.0,1345.0
13956.0,0.0,487.0
13956.0,1211.0,1346.0
13957.0,0.0,442.0
13957.0,1226.0,1347.0
13958.0,0.0,459.0
13958.0,1229.0,1337.0
13959.0,0.0,408.0
13959.0,1225.0,1346.0
13960.0,0.0,412.0
13960.0,1210.0,1346.0
13961.0,0.0,397.0
13961.0,1231.0,1346.0
13962.0,0.0,385.0
13962.0,1261.0,1346.0
13963.0,0.0,399.0
13963.0,1239.0,1347.0
13964.0,0.0,380.0
13964.0,1256.0,1348.0
13965.0,0.0,379.0
13965.0,1264.0,1349.0
13966.0,0.0,336.0
13966.0,1267.0,1334.0
13967.0,0.0,342.0
13967.0,1267.0,1356.0
13968.0,0.0,346.0
13968.0,1282.0,1357.0
13969.0,0.0,329.0
13969.0,1288.0,1360.0
13970.0,0.0,304.0
13970.0,1286.0,1362.0
13971.0,0.0,326.0
13971.0,1304.0,1365.0
13972.0,0.0,293.0
13972.0,1293.0,1369.0
13973.0,0.0,303.0
13973.0,1351.0,1371.0
13974.0,0.0,285.0
13974.0,1355.0,1373.0
13975.0,0.0,268.0
13975.0,1345.0,1378.0
13976.0,0.0,269.0
13976.0,1337.0,1375.0
13977.0,0.0,260.0
13977.0,1350.0,1380.0
13978.0,0.0,263.0
13978.0,1352.0,1386.0
13979.0,0.0,243.0
13979.0,1383.0,1388.0
13980.0,0.0,245.0
13980.0,1392.0,1393.0
13981.0,0.0,238.0
13981.0,1393.0,1394.0
13982.0,0.0,212.0
13983.0,0.0,219.0
13983.0,1369.0,1392.0
13984.0,0.0,204.0
13984.0,1386.0,1394.0
13985.0,0.0,16.0
13985.0,1221.0,1227.0
13986.0,0.0,8.0
13986.0,1202.0,1218.0
13987.0,0.0,8.0
13988.0,0.0,29.0
13988.0,1237.0,1249.0
13989.0,0.0,26.0
13990.0,0.0,15.0
13991.0,0.0,12.0
13992.0,0.0,13.0
13993.0,0.0,19.0
13994.0,0.0,25.0
13995.0,0.0,17.0
13996.0,0.0,20.0
13997.0,0.0,16.0
13998.0,0.0,15.0
13999.0,0.0,26.0
14000.0,0.0,16.0
14001.0,0.0,12.0
14002.0,0.0,18.0
14003.0,0.0,19.0
14004.0,0.0,17.0
14005.0,0.0,12.0
14006.0,0.0,16.0
14007.0,0.0,18.0
14008.0,0.0,22.0
14009.0,0.0,35.0
14010.0,0.0,33.0
14011.0,0.0,31.0
14012.0,0.0,23.0
14013.0,0.0,26.0
14014.0,0.0,27.0
14015.0,0.0,41.0
14016.0,0.0,35.0
14017.0,0.0,49.0
14018.0,0.0,31.0
14019.0,0.0,19.0
14020.0,0.0,29.0
14021.0,0.0,25.0
14022.0,0.0,28.0
14023.0,0.0,28.0
14024.0,0.0,39.0
14025.0,0.0,38.0
14026.0,0.0,31.0
14027.0,0.0,17.0
14028.0,0.0,14.0
14029.0,0.0,25.0
14030.0,0.0,22.0
14031.0,0.0,20.0
14032.0,0.0,24.0
14033.0,0.0,6.0
14034.0,0.0,6.0
14035.0,0.0,8.0
14036.0,0.0,3.0
14037.0,0.0,2.0
14038.0,0.0,11.0
14039.0,0.0,7.0
14040.0,0.0,3.0
14041.0,0.0,2.0
14042.0,0.0,4.0
14100.0,1160.0,1250.0
