Orbit,First no panel,Last no panel,Last Frame,# No panel,% No panel,Glare,Glare Start 1,Glare End 1,Glare Start 2,Glare End 2,Notes,,,,,,Very Good,"MLSPB covers most sp, 0-15-frame difference"
13804,,,,,,0,,,,,,,,,,,Good,"MLSPB covers most sp, 15-30-frame difference"
13805,,,,,,0,,,,,,,,,,,Okay,"MLSPB misses more sp, 15-30-frame difference"
13806,,,,,,0,,,,,,,,,,,Bad,"MLSPB misses more sp, >30-frame difference"
13807,,,,,,0,,,,,,,,,,,Very Bad,MLSPB misses a lot more sp
13808,,,,,,1,205,717,,,,,,,,,Special,"Special cases, model does not work properly"
13809,,,,,,0,,,,,,,,,,,,
13810,,,,,,1,458,555,1049,1182,,,,,,,,
13811,,,,,,1,540,701,,,,,,,,,,
13812,,,,,,1,0,3,,,,,,,,,,
13813,,,,,,1,0,4,,,,,,,,,,
13814,,,,,,1,0,6,,,,,,,,,,
13815,,,,,,1,0,6,,,,,,,,,,
13816,,,,,,1,0,8,,,,,,,,,,
13817,,,,,,0,,,,,,,,,,,,
13818,,,,,,1,0,13,,,,,,,,,,
13819,,,,,,1,0,3,1609,1617,,,,,,,,
13820,,,,,,1,0,16,905,1238,,,,,,,,
13821,,,,,,1,0,16,,,,,,,,,,
13822,,,,,,1,0,8,,,,,,,,,,
13823,,,,,,1,0,22,,,,,,,,,,
13824,,,,,,1,0,24,,,,,,,,,,
13825,,,,,,1,0,11,,,,,,,,,,
13826,,,,,,1,0,29,,,,,,,,,,
13827,,,,,,1,0,15,,,,,,,,,,
13828,,,,,,1,0,30,,,,,,,,,,
13829,,,,,,1,0,30,,,,,,,,,,
13830,,,,,,1,0,38,,,,,,,,,,
13831,,,,,,1,0,24,,,,,,,,,,
13832,,,,,,1,0,40,,,,,,,,,,
13833,,,,,,1,0,18,,,,,,,,,,
13834,,,,,,1,0,43,,,,,,,,,,
13835,,,,,,1,0,41,,,,,,,,,,
13836,,,,,,1,0,43,,,,,,,,,,
13837,,,,,,1,0,48,,,,,,,,,,
13838,,,,,,1,0,23,,,,,,,,,,
13839,,,,,,1,0,19,,,,,,,,,,
13840,,,,,,1,0,25,,,,,,,,,,
13841,,,,,,1,0,44,,,,,,,,,,
13842,,,,,,1,0,47,,,,,,,,,,
13843,,,,,,1,0,28,,,,,,,,,,
13844,,,,,,1,0,26,,,,,,,,,,
13845,,,,,,1,0,23,,,,,,,,,,
13846,,,,,,1,0,29,,,,,,,,,,
13847,,,,,,1,0,26,,,,,,,,,,
13848,,,,,,1,0,12,,,,,,,,,,
13849,,,,,,1,0,69,,,,,,,,,,
13850,,,,,,1,0,19,,,,,,,,,,
13851,,,,,,1,0,106,,,,,,,,,,
13852,,,,,,1,0,98,,,,,,,,,,
13853,,,,,,1,0,15,,,,,,,,,,
13854,,,,,,1,0,12,,,,,,,,,,
13855,,,,,,1,0,12,,,,,,,,,,
13856,,,,,,0,,,,,,,,,,,,
13857,,,,,,1,0,114,,,,,,,,,,
13858,,,,,,0,,,,,,,,,,,,
13859,,,,,,1,0,126,,,,,,,,,,
13860,,,,,,1,0,129,,,,,,,,,,
13861,,,,,,1,0,134,1398,1402,,,,,,,,
13862,,,,,,1,0,144,,,,,,,,,,
13863,,,,,,1,0,150,,,,,,,,,,
13864,,,,,,1,0,156,1398,1400,,,,,,,,
13865,,,,,,1,0,160,1396,1398,,,,,,,,
13866,,,,,,1,0,175,1388,1394,,,,,,,,
13867,,,,,,1,0,175,1383,1394,,,,,,,,
13868,,,,,,1,0,205,1366,1389,,,,,,,,
13869,,,,,,1,0,191,1377,1388,,,,,,,,
13870,,,,,,1,0,192,1375,1386,,,,,,,,
13871,,,,,,1,0,221,1369,1385,,,,,,,,
13872,,,,,,1,0,209,1356,1382,,,,,,,,
13873,,,,,,1,0,217,1340,1379,,,,,,,,
13874,,,,,,1,0,222,1326,1378,,,,,,,,
13875,,,,,,1,0,252,1344,1374,,,,,,,,
13876,,,,,,1,0,256,1309,1370,,,,,,,,
13877,,,,,,1,0,264,1320,1362,,,,,,,,
13878,,,,,,1,0,248,1313,1366,,,,,,,,
13879,,,,,,1,0,297,1310,1360,,,,,,,,
13880,,,,,,1,0,301,1300,1362,,,,,,,,
13881,,,,,,1,0,307,1283,1359,,,,,,,,
13882,,,,,,1,0,295,1264,1258,,,,,,,,
13883,,,,,,1,0,335,1264,1354,,,,,,,,
13884,,,,,,1,0,334,1287,1351,,,,,,,,
13885,,,,,,1,0,343,1279,1349,,,,,,,,
13886,,,,,,1,0,358,1239,1348,,,,,,,,
13887,,,,,,1,0,334,1267,1348,,,,,,,,
13888,,,,,,1,0,344,1256,1347,,,,,,,,
13889,,,,,,1,0,360,1219,1345,,,,,,,,
13890,,,,,,1,0,387,1237,1347,,,,,,,,
13891,,,,,,1,0,402,1201,1346,,,,,,,,
13892,,,,,,1,0,370,1192,1329,,,,,,,,
13893,,,,,,1,0,387,1193,1346,,,,,,,,
13894,,,,,,1,0,402,1204,1347,,,,,,,,
13895,,,,,,1,0,401,1191,1344,,,,,,,,
13896,,,,,,1,0,416,1175,1344,,,,,,,,
13897,,,,,,1,0,488,1149,1346,,,,,,,,
13898,,,,,,1,0,458,1134,1345,,,,,,,,
13899,,,,,,1,0,447,1169,1345,,,,,,,,
13900,,,,,,1,0,482,1167,1346,,,,,,,,
13901,,,,,,1,0,481,1135,1345,,,,,,,,
13902,,,,,,1,0,487,1135,1346,,,,,,,,
13903,,,,,,1,0,540,1123,1347,,,,,,,,
13904,,,,,,1,0,548,1094,1346,,,,,,,,
13905,,,,,,1,0,518,1099,1347,,,,,,,,
13906,,,,,,1,0,549,1090,1345,,,,,,,,
13907,,,,,,1,0,584,1006,1345,,,,,,,,
13908,,,,,,1,0,664,1181,1344,,,,,,,,
13909,,,,,,1,0,653,1145,1324,,,,,,,,
13910,,,,,,1,0,751,1130,1335,,,,,,,,
13911,,,,,,1,0,672,1124,1336,,,,,,,,
13912,,,,,,1,0,704,1089,1337,,,,,,,,
13913,,,,,,1,0,756,1074,1335,,,,,,,,
13914,,,,,,1,0,727,1117,1336,,,,,,,,
13915,,,,,,1,0,796,1116,1335,,,,,,,,
13916,,,,,,1,0,780,1004,1336,,,,,,,,
13917,,,,,,1,0,834,959,1328,,,,,,,,
13918,,,,,,1,0,886,1027,1332,,,,,,,,
13919,,,,,,1,0,840,967,1335,,,,,,,,
13920,,,,,,1,0,784,1033,1339,,,,,,,,
13921,,,,,,1,0,1019,1080,1334,,,,,,,,
13922,,,,,,1,0,904,983,1325,,,,,,,,
13923,,,,,,1,0,893,1003,1335,,,,,,,,
13924,,,,,,1,0,974,1029,1320,,,,,,,,
13925,,,,,,1,0,1326,,,Glare all orbit ,,,,,,,
13926,,,,,,1,0,1333,,,Glare all orbit,,,,,,,
13927,,,,,,1,0,1330,,,Glare all orbit,,,,,,,
13928,,,,,,1,0,929,1075,1337,,,,,,,,
13929,,,,,,1,0,1324,,,Glare all orbit ,,,,,,,
13930,,,,,,1,0,882,1043,1329,,,,,,,,
13931,,,,,,1,0,902,1118,1335,,,,,,,,
13932,,,,,,1,0,964,1060,1331,,,,,,,,
13933,,,,,,1,0,842,919,1337,,,,,,,,
13934,,,,,,1,0,866,1030,1333,,,,,,,,
13935,,,,,,1,0,923,1129,1336,,,,,,,,
13936,,,,,,1,0,1336,,,Glare all orbit,,,,,,,
13937,,,,,,1,0,783,840,1336,,,,,,,,
13938,,,,,,1,0,753,1066,1333,,,,,,,,
13939,,,,,,1,0,759,1090,1337,,,,,,,,
13940,,,,,,1,0,799,1146,1338,,,,,,,,
13941,,,,,,1,0,748,1164,1338,,,,,,,,
13942,,,,,,1,0,699,1142,1339,,,,,,,,
13943,,,,,,1,0,728,1184,1338,,,,,,,,
13944,,,,,,1,0,602,1137,1399,,,,,,,,
13945,,,,,,1,0,572,1064,1337,,,,,,,,
13946,,,,,,1,0,573,1072,1344,,,,,,,,
13947,,,,,,1,0,610,1064,1346,,,,,,,,
13948,,,,,,1,0,542,1141,1347,,,,,,,,
13949,,,,,,1,0,565,1092,1347,,,,,,,,
13950,,,,,,1,0,561,1127,1346,,,,,,,,
13951,,,,,,1,0,490,1127,1326,,,,,,,,
13952,,,,,,1,0,489,1174,1335,,,,,,,,
13953,,,,,,1,0,491,1187,1347,,,,,,,,
13954,,,,,,1,0,494,1185,1346,,,,,,,,
13955,,,,,,1,0,500,1212,1345,,,,,,,,
13956,,,,,,1,0,487,1211,1346,,,,,,,,
13957,,,,,,1,0,442,1226,1347,,,,,,,,
13958,,,,,,1,0,459,1229,1337,,,,,,,,
13959,,,,,,1,0,408,1225,1346,,,,,,,,
13960,,,,,,1,0,412,1210,1346,,,,,,,,
13961,,,,,,1,0,397,1231,1346,,,,,,,,
13962,,,,,,1,0,385,1261,1346,,,,,,,,
13963,,,,,,1,0,399,1239,1347,,,,,,,,
13964,,,,,,1,0,380,1256,1348,,,,,,,,
13965,,,,,,1,0,379,1264,1349,,,,,,,,
13966,,,,,,1,0,336,1267,1334,,,,,,,,
13967,,,,,,1,0,342,1267,1356,,,,,,,,
13968,,,,,,1,0,346,1282,1357,,,,,,,,
13969,,,,,,1,0,329,1288,1360,,,,,,,,
13970,,,,,,1,0,304,1286,1362,,,,,,,,
13971,,,,,,1,0,326,1304,1365,,,,,,,,
13972,,,,,,1,0,293,1293,1369,,,,,,,,
13973,,,,,,1,0,303,1351,1371,,,,,,,,
13974,,,,,,1,0,285,1355,1373,,,,,,,,
13975,,,,,,1,0,268,1345,1378,,,,,,,,
13976,,,,,,1,0,269,1337,1375,,,,,,,,
13977,,,,,,1,0,260,1350,1380,,,,,,,,
13978,,,,,,1,0,263,1352,1386,,,,,,,,
13979,,,,,,1,0,243,1383,1388,,,,,,,,
13980,,,,,,1,0,245,1392,1393,,,,,,,,
13981,,,,,,1,0,238,1393,1394,,,,,,,,
13982,,,,,,1,0,212,,,,,,,,,,
13983,,,,,,1,0,219,1369,1392,,,,,,,,
13984,,,,,,1,0,204,1386,1394,,,,,,,,
13985,,,,,,1,0,16,1221,1227,,,,,,,,
13986,,,,,,1,0,8,1202,1218,,,,,,,,
13987,,,,,,1,0,8,,,,,,,,,,
13988,,,,,,1,0,29,1237,1249,,,,,,,,
13989,,,,,,1,0,26,,,,,,,,,,
13990,,,,,,1,0,15,,,,,,,,,,
13991,,,,,,1,0,12,,,,,,,,,,
13992,,,,,,1,0,13,,,,,,,,,,
13993,,,,,,1,0,19,,,,,,,,,,
13994,,,,,,1,0,25,,,,,,,,,,
13995,,,,,,1,0,17,,,,,,,,,,
13996,,,,,,1,0,20,,,,,,,,,,
13997,,,,,,1,0,16,,,,,,,,,,
13998,,,,,,1,0,15,,,,,,,,,,
13999,,,,,,1,0,26,,,,,,,,,,
14000,,,,,,1,0,16,,,,,,,,,,
14001,,,,,,1,0,12,,,,,,,,,,
14002,,,,,,1,0,18,,,,,,,,,,
14003,,,,,,1,0,19,,,,,,,,,,
14004,,,,,,1,0,17,,,,,,,,,,
14005,,,,,,1,0,12,,,,,,,,,,
14006,,,,,,1,0,16,,,,,,,,,,
14007,,,,,,1,0,18,,,,,,,,,,
14008,,,,,,1,0,22,,,,,,,,,,
14009,,,,,,1,0,35,,,,,,,,,,
14010,,,,,,1,0,33,,,,,,,,,,
14011,,,,,,1,0,31,,,,,,,,,,
14012,,,,,,1,0,23,,,,,,,,,,
14013,,,,,,1,0,26,,,,,,,,,,
14014,,,,,,1,0,27,,,,,,,,,,
14015,,,,,,1,0,41,,,,,,,,,,
14016,,,,,,1,0,35,,,,,,,,,,
14017,,,,,,1,0,49,,,,,,,,,,
14018,,,,,,1,0,31,,,,,,,,,,
14019,,,,,,1,0,19,,,,,,,,,,
14020,,,,,,1,0,29,,,,,,,,,,
14021,,,,,,1,0,25,,,,,,,,,,
14022,,,,,,1,0,28,,,,,,,,,,
14023,,,,,,1,0,28,,,,,,,,,,
14024,,,,,,1,0,39,,,,,,,,,,
14025,,,,,,1,0,38,,,,,,,,,,
14026,,,,,,1,0,31,,,,,,,,,,
14027,,,,,,1,0,17,,,,,,,,,,
14028,,,,,,1,0,14,,,,,,,,,,
14029,,,,,,1,0,25,,,,,,,,,,
14030,,,,,,1,0,22,,,,,,,,,,
14031,,,,,,1,0,20,,,,,,,,,,
14032,,,,,,1,0,24,,,,,,,,,,
14033,,,,,,1,0,6,,,,,,,,,,
14034,,,,,,1,0,6,,,,,,,,,,
14035,,,,,,1,0,8,,,,,,,,,,
14036,,,,,,1,0,3,,,,,,,,,,
14037,,,,,,1,0,2,,,,,,,,,,
14038,,,,,,1,0,11,,,,,,,,,,
14039,,,,,,1,0,7,,,,,,,,,,
14040,,,,,,1,0,3,,,,,,,,,,
14041,,,,,,1,0,2,,,,,,,,,,
14042,,,,,,1,0,4,,,,,,,,,,
14043,,,,,,0,,,,,,,,,,,,
14044,,,,,,0,,,,,,,,,,,,
14045,,,,,,0,,,,,,,,,,,,
14046,,,,,,0,,,,,,,,,,,,
14047,,,,,,0,,,,,,,,,,,,
14048,,,,,,0,,,,,,,,,,,,
14049,,,,,,0,,,,,,,,,,,,
14050,,,,,,0,,,,,,,,,,,,
14051,,,,,,0,,,,,,,,,,,,
14052,,,,,,0,,,,,,,,,,,,
14053,,,,,,0,,,,,,,,,,,,
14054,,,,,,0,,,,,,,,,,,,
14055,,,,,,0,,,,,,,,,,,,
14056,,,,,,0,,,,,,,,,,,,
14057,,,,,,0,,,,,Panels visible all orbit,,,,,,,
14058,,,,,,0,,,,,,,,,,,,
14059,,,,,,0,,,,,,,,,,,,
14060,,,,,,0,,,,,,,,,,,,
14061,,,,,,0,,,,,,,,,,,,
14062,,,,,,0,,,,,,,,,,,,
14063,,,,,,0,,,,,,,,,,,,
14064,,,,,,0,,,,,,,,,,,,
14065,,,,,,0,,,,,,,,,,,,
14066,,,,,,0,,,,,,,,,,,,
14067,,,,,,0,,,,,,,,,,,,
14068,,,,,,0,,,,,,,,,,,,
14069,,,,,,0,,,,,,,,,,,,
14070,,,,,,0,,,,,,,,,,,,
14071,,,,,,0,,,,,,,,,,,,
14072,,,,,,0,,,,,,,,,,,,
14073,,,,,,0,,,,,,,,,,,,
14074,,,,,,0,,,,,,,,,,,,
14075,,,,,,0,,,,,,,,,,,,
14076,,,,,,0,,,,,,,,,,,,
14077,,,,,,0,,,,,,,,,,,,
14078,,,,,,0,,,,,,,,,,,,
14079,,,,,,0,,,,,,,,,,,,
14080,,,,,,0,,,,,,,,,,,,
14081,,,,,,0,,,,,,,,,,,,
14082,,,,,,0,,,,,,,,,,,,
14083,,,,,,0,,,,,,,,,,,,
14084,,,,,,0,,,,,,,,,,,,
14085,,,,,,0,,,,,,,,,,,,
14086,,,,,,0,,,,,,,,,,,,
14087,,,,,,0,,,,,,,,,,,,
14088,,,,,,0,,,,,,,,,,,,
14089,,,,,,0,,,,,,,,,,,,
14090,,,,,,0,,,,,,,,,,,,
14091,,,,,,0,,,,,,,,,,,,
14092,,,,,,0,,,,,,,,,,,,
14093,,,,,,0,,,,,,,,,,,,
14094,,,,,,0,,,,,,,,,,,,
14095,,,,,,0,,,,,,,,,,,,
14096,,,,,,0,,,,,,,,,,,,
14097,,,,,,0,,,,,,,,,,,,
14098,,,,,,0,,,,,,,,,,,,
14099,,,,,,0,,,,,,,,,,,,
14100,,,,,,1,1160,1250,,,Bad frames at the end,,,,,,,
14101,,,,,,0,,,,,,,,,,,,
14102,,,,,,0,,,,,,,,,,,,
14103,,,,,,0,,,,,,,,,,,,
14104,,,,,,0,,,,,,,,,,,,
14105,,,,,,0,,,,,,,,,,,,
14106,,,,,,0,,,,,,,,,,,,
14107,,,,,,0,,,,,,,,,,,,
14108,,,,,,0,,,,,,,,,,,,
14109,,,,,,0,,,,,,,,,,,,
14110,,,,,,0,,,,,,,,,,,,
14111,,,,,,0,,,,,,,,,,,,
14112,,,,,,0,,,,,,,,,,,,
14113,,,,,,0,,,,,,,,,,,,
14114,,,,,,0,,,,,,,,,,,,
14115,,,,,,0,,,,,,,,,,,,
14116,,,,,,0,,,,,,,,,,,,
14117,,,,,,0,,,,,,,,,,,,
14118,,,,,,0,,,,,,,,,,,,
14119,,,,,,0,,,,,,,,,,,,
14120,,,,,,0,,,,,,,,,,,,
14121,,,,,,0,,,,,,,,,,,,
14122,,,,,,0,,,,,,,,,,,,
14123,,,,,,0,,,,,,,,,,,,
14124,,,,,,0,,,,,,,,,,,,
,,,,,,,,,,,,,,,,,,
,,,,,,,,,,,,,,,,,,
,,,,,,,,,,,,,,,,,,
,,,,,,,,,,,,,,,,,,
,,,,,,,,,,,,,,,,,,
,,,,,,,,,,,,,,,,,,
,,,,,,,,,,,,,,,,,,
,,,,,,,,,,,,,,,,,,
,,,,,,,,,,,,,,,,,,
,,,,,,,,,,,,,,,,,,
,,,,,,,,,,,,,,,,,,
,,,,,,,,,,,,,,,,,,
,,,,,,,,,,,,,,,,,,
,,,,,,,,,,,,,,,,,,
,,,,,,,,,,,,,,,,,,
,,,,,,,,,,,,,,,,,,
,,,,,,,,,,,,,,,,,,
,,,,,,,,,,,,,,,,,,
,,,,,,,,,,,,,,,,,,
,,,,,,,,,,,,,,,,,,
,,,,,,,,,,,,,,,,,,
,,,,,,,,,,,,,,,,,,
,,,,,,,,,,,,,,,,,,
,,,,,,,,,,,,,,,,,,
,,,,,,,,,,,,,,,,,,
,,,,,,,,,,,,,,,,,,
,,,,,,,,,,,,,,,,,,
,,,,,,,,,,,,,,,,,,
,,,,,,,,,,,,,,,,,,
,,,,,,,,,,,,,,,,,,
,,,,,,,,,,,,,,,,,,
,,,,,,,,,,,,,,,,,,
,,,,,,,,,,,,,,,,,,
,,,,,,,,,,,,,,,,,,
,,,,,,,,,,,,,,,,,,
,,,,,,,,,,,,,,,,,,
,,,,,,,,,,,,,,,,,,
,,,,,,,,,,,,,,,,,,
,,,,,,,,,,,,,,,,,,
,,,,,,,,,,,,,,,,,,
,,,,,,,,,,,,,,,,,,
,,,,,,,,,,,,,,,,,,
,,,,,,,,,,,,,,,,,,
,,,,,,,,,,,,,,,,,,
,,,,,,,,,,,,,,,,,,
,,,,,,,,,,,,,,,,,,
,,,,,,,,,,,,,,,,,,
,,,,,,,,,,,,,,,,,,
,,,,,,,,,,,,,,,,,,
,,,,,,,,,,,,,,,,,,
,,,,,,,,,,,,,,,,,,
,,,,,,,,,,,,,,,,,,
,,,,,,,,,,,,,,,,,,
,,,,,,,,,,,,,,,,,,
,,,,,,,,,,,,,,,,,,
,,,,,,,,,,,,,,,,,,
,,,,,,,,,,,,,,,,,,
,,,,,,,,,,,,,,,,,,
,,,,,,,,,,,,,,,,,,
,,,,,,,,,,,,,,,,,,
,,,,,,,,,,,,,,,,,,
,,,,,,,,,,,,,,,,,,
,,,,,,,,,,,,,,,,,,
,,,,,,,,,,,,,,,,,,
,,,,,,,,,,,,,,,,,,
,,,,,,,,,,,,,,,,,,
,,,,,,,,,,,,,,,,,,
,,,,,,,,,,,,,,,,,,
,,,,,,,,,,,,,,,,,,
,,,,,,,,,,,,,,,,,,
,,,,,,,,,,,,,,,,,,
,,,,,,,,,,,,,,,,,,
,,,,,,,,,,,,,,,,,,
,,,,,,,,,,,,,,,,,,
,,,,,,,,,,,,,,,,,,
,,,,,,,,,,,,,,,,,,
,,,,,,,,,,,,,,,,,,
,,,,,,,,,,,,,,,,,,
,,,,,,,,,,,,,,,,,,
,,,,,,,,,,,,,,,,,,
,,,,,,,,,,,,,,,,,,
,,,,,,,,,,,,,,,,,,
,,,,,,,,,,,,,,,,,,
,,,,,,,,,,,,,,,,,,
,,,,,,,,,,,,,,,,,,
,,,,,,,,,,,,,,,,,,
,,,,,,,,,,,,,,,,,,
,,,,,,,,,,,,,,,,,,
,,,,,,,,,,,,,,,,,,
,,,,,,,,,,,,,,,,,,
,,,,,,,,,,,,,,,,,,
,,,,,,,,,,,,,,,,,,
,,,,,,,,,,,,,,,,,,
,,,,,,,,,,,,,,,,,,
,,,,,,,,,,,,,,,,,,
,,,,,,,,,,,,,,,,,,
,,,,,,,,,,,,,,,,,,
,,,,,,,,,,,,,,,,,,
,,,,,,,,,,,,,,,,,,
,,,,,,,,,,,,,,,,,,
,,,,,,,,,,,,,,,,,,
,,,,,,,,,,,,,,,,,,
,,,,,,,,,,,,,,,,,,
,,,,,,,,,,,,,,,,,,
,,,,,,,,,,,,,,,,,,
,,,,,,,,,,,,,,,,,,
,,,,,,,,,,,,,,,,,,
,,,,,,,,,,,,,,,,,,
,,,,,,,,,,,,,,,,,,
,,,,,,,,,,,,,,,,,,
,,,,,,,,,,,,,,,,,,
,,,,,,,,,,,,,,,,,,
,,,,,,,,,,,,,,,,,,
,,,,,,,,,,,,,,,,,,
,,,,,,,,,,,,,,,,,,
,,,,,,,,,,,,,,,,,,
,,,,,,,,,,,,,,,,,,
,,,,,,,,,,,,,,,,,,
,,,,,,,,,,,,,,,,,,
,,,,,,,,,,,,,,,,,,
,,,,,,,,,,,,,,,,,,
,,,,,,,,,,,,,,,,,,
,,,,,,,,,,,,,,,,,,
,,,,,,,,,,,,,,,,,,
,,,,,,,,,,,,,,,,,,
,,,,,,,,,,,,,,,,,,
,,,,,,,,,,,,,,,,,,
,,,,,,,,,,,,,,,,,,
,,,,,,,,,,,,,,,,,,
,,,,,,,,,,,,,,,,,,
,,,,,,,,,,,,,,,,,,
,,,,,,,,,,,,,,,,,,
,,,,,,,,,,,,,,,,,,
,,,,,,,,,,,,,,,,,,
,,,,,,,,,,,,,,,,,,
,,,,,,,,,,,,,,,,,,
,,,,,,,,,,,,,,,,,,
