Orbit,First no panel,Last no panel,Last Frame,# No panel,% No panel,Glare,Glare Start 1,Glare End 1,Glare Start 2,Glare End 2,Notes
1,238,1633,1942,1396,0.719,0,,,,,
2,244,1629,1934,1386,0.717,0,,,,,
3,238,1627,1924,1390,0.722,0,,,,,
4,232,1638,1923,1407,0.732,0,,,,,
5,240,1653,1931,1414,0.732,0,,,,,
6,225,1650,1926,1426,0.74,0,,,,,
7,224,1644,1915,1421,0.742,0,,,,,
8,240,1650,1940,1411,0.727,0,,,,,
9,232,1645,1922,1414,0.736,0,,,,,
10,241,1650,1941,1410,0.726,0,,,,,
11,230,1637,1931,1408,0.729,0,,,,,
12,230,1634,1921,1405,0.731,0,,,,,
13,244,1647,1931,1404,0.727,0,,,,,
14,237,1643,1925,1407,0.731,0,,,,,
15,247,1652,1934,1406,0.727,0,,,,,
16,244,1650,1945,1407,0.723,0,,,,,
17,242,1652,1943,1411,0.726,0,,,,,
18,234,1648,1927,1415,0.734,0,,,,,
19,227,1644,1933,1418,0.734,0,,,,,
20,237,1656,1940,1420,0.732,0,,,,,
21,232,1649,1936,1418,0.732,0,,,,,
22,216,1648,1921,1433,0.746,0,,,,,
23,228,1657,1933,1430,0.74,0,,,,,
24,231,1655,1934,1425,0.737,0,,,,,
25,236,1659,1944,1424,0.733,0,,,,,
26,211,1655,1932,1445,0.748,0,,,,,
27,210,1648,1919,1439,0.75,0,,,,,
28,222,1664,1925,1443,0.75,0,,,,,
29,228,1685,1934,1458,0.754,0,,,,,
30,207,1668,1922,1462,0.761,0,,,,,
31,213,1673,1945,1461,0.751,0,,,,,
32,206,1666,1917,1461,0.762,0,,,,,
33,204,1683,1932,1480,0.766,0,,,,,
34,195,1678,1931,1484,0.769,0,,,,,
35,200,1677,1937,1478,0.763,0,,,,,
36,198,1680,1930,1483,0.768,0,,,,,
37,186,1686,1928,1501,0.779,0,,,,,
38,185,1677,1926,1493,0.775,0,,,,,
39,196,1689,1937,1494,0.771,0,,,,,
40,196,1675,1935,1480,0.765,0,,,,,
41,180,1671,1930,1492,0.773,0,,,,,
42,170,1662,1917,1493,0.779,0,,,,,
43,179,1660,1929,1482,0.768,0,,,,,
44,175,1656,1924,1482,0.77,0,,,,,
45,161,1658,1920,1498,0.78,0,,,,,
46,172,1668,1941,1497,0.771,0,,,,,
47,162,1657,1921,1496,0.779,0,,,,,
48,158,1665,1931,1508,0.781,0,,,,,
49,153,1659,1926,1507,0.782,0,,,,,
50,165,1663,1940,1499,0.773,0,,,,,
51,155,1658,1926,1504,0.781,0,,,,,
52,153,1681,1940,1529,0.788,0,,,,,
53,,,1931,0,0,0,,,,,Panels always visible
54,,,1913,0,0,0,,,,,Panels always visible
55,,,1930,0,0,0,,,,,Panels always visible
56,,,1920,0,0,0,,,,,Panels always visible
57,158,1661,1914,1504,0.786,0,,,,,
58,165,1662,1929,1498,0.777,0,,,,,
59,175,1655,1928,1481,0.768,0,,,,,
60,164,1649,1910,1486,0.778,0,,,,,
61,177,1660,1925,1484,0.771,0,,,,,
62,180,1652,1920,1473,0.767,0,,,,,
63,175,1640,1913,1466,0.766,0,,,,,
64,183,1652,1919,1470,0.766,0,,,,,
65,190,1647,1925,1458,0.757,0,,,,,
66,191,1647,1921,1457,0.758,0,,,,,
67,185,1644,1911,1460,0.764,0,,,,,
68,202,1655,1920,1454,0.757,0,,,,,
69,190,1647,1913,1458,0.762,0,,,,,
70,206,1657,1923,1452,0.755,0,,,,,
71,206,1657,1929,1452,0.753,0,,,,,
72,205,1646,1924,1442,0.749,0,,,,,
73,210,1656,1924,1447,0.752,0,,,,,
74,208,1660,1920,1453,0.757,0,,,,,
75,189,1636,1911,1448,0.758,0,,,,,
76,220,1650,1917,1431,0.746,0,,,,,
77,212,1638,1911,1427,0.747,0,,,,,
78,201,1640,1905,1440,0.756,0,,,,,
79,217,1645,1919,1429,0.745,0,,,,,
80,206,1638,1911,1433,0.75,0,,,,,
81,207,1644,1906,1438,0.754,0,,,,,
82,213,1646,1911,1434,0.75,0,,,,,
83,205,1639,1907,1435,0.752,0,,,,,
84,214,1638,1905,1425,0.748,0,,,,,
85,212,1631,1902,1420,0.747,0,,,,,
86,206,1627,1904,1422,0.747,0,,,,,
87,209,1635,1894,1427,0.753,0,,,,,
88,227,1647,1907,1421,0.745,0,,,,,
89,225,1648,1907,1424,0.747,0,,,,,
90,224,1645,1913,1422,0.743,0,,,,,
91,225,1644,1905,1420,0.745,0,,,,,
92,213,1631,1897,1419,0.748,0,,,,,
93,231,1638,1901,1408,0.741,0,,,,,
94,219,1630,1901,1412,0.743,0,,,,,
95,228,1639,1909,1412,0.74,0,,,,,
96,226,1630,1899,1405,0.74,0,,,,,
97,205,1625,1881,1421,0.755,0,,,,,
98,221,1624,1892,1404,0.742,0,,,,,
99,215,1619,1887,1405,0.745,0,,,,,
100,209,1614,1884,1406,0.746,0,,,,,
101,226,1629,1887,1404,0.744,0,,,,,
102,220,1624,1894,1405,0.742,0,,,,,
103,230,1628,1889,1399,0.741,0,,,,,
104,223,1620,1874,1398,0.746,0,,,,,
105,231,1630,1896,1400,0.738,0,,,,,
106,233,1628,1886,1396,0.74,0,,,,,
107,221,1613,1877,1393,0.742,0,,,,,
108,218,1612,1867,1395,0.747,0,,,,,
109,222,1610,1868,1389,0.744,0,,,,,
110,233,1618,1881,1386,0.737,0,,,,,
111,228,1617,1874,1390,0.742,0,,,,,
112,236,1332,1600,1097,0.686,0,,,,,Has gaps in data from frame 399 to 436 
113,,,1816,0,0,1,1790,1817,,,Solar panels always visible
114,,,,,#DIV/0!,,,,,,Orbit is missing
115,197,1593,1860,1397,0.751,0,,,,,
116,205,1590,1850,1386,0.749,0,,,,,
117,207,1590,1866,1384,0.742,0,,,,,
118,221,1598,1867,1378,0.738,0,,,,,
119,201,1583,1848,1383,0.748,0,,,,,
120,209,1591,1865,1383,0.742,0,,,,,
121,223,1605,1864,1383,0.742,0,,,,,
122,200,1545,1808,1346,0.744,0,,,,,
123,206,1584,1841,1379,0.749,0,,,,,
124,216,1594,1858,1379,0.742,0,,,,,
125,215,1594,1844,1380,0.748,0,,,,,
126,206,1582,1829,1377,0.753,0,,,,,
127,217,1592,1850,1376,0.744,0,,,,,
128,214,1588,1852,1375,0.742,0,,,,,
129,208,1580,1836,1373,0.748,0,,,,,
130,206,1580,1836,1375,0.749,0,,,,,
131,195,2000,2060,1806,0.877,1,1838,2060,,,No solar panel at dawn but there is glare
132,25,2033,2085,2009,0.964,1,1852,2085,,,No solar panel at dusk and dawn but there is glare
133,5,1641,1847,1637,0.886,0,,,,,No solar panel at dusk
134,148,1630,1843,1483,0.805,0,,,,,Not present in l1r 07272024
135,144,2030,2080,1887,0.907,1,1849,2080,,,No solar panel at dawn but there is glare
136,20,1573,1831,1554,0.849,0,,,,,No solar panel at dusk
137,210,1590,1835,1381,0.753,0,,,,,
138,195,1561,1797,1367,0.761,0,,,,,1360 instead of 1366?
139,216,1576,1830,1361,0.744,0,,,,,
